nom,prénom,email
herve,guillaume,guillaume.herve@viacesi.fr
roger,elodie,elodie.roger@viacesi.fr
lemoing,pauline,pauline.lemoing@viacesi.fr
alves,charles,charles.alves@viacesi.fr
levassort,jules,jules.levassort@viacesi.fr
prigent,jeremy,jeremy.prigent@viacesi.fr
